ID,rs1514175,rs713586,rs887912,rs2241423,rs12444979,Age,Height,Weight,BMI
1,CC,CT,GG,GG,CC,26,1.56,55.0,22.600262984878366
2,CT,TT,GG,AA,CC,26,1.71,65.0,22.229061933586404
3,CT,CT,GG,GG,CC,34,1.71,71.0,24.280975342840534
4,CT,TT,GG,GA,CC,32,1.61,82.0,31.634581999151262
5,CT,CT,GG,GG,CC,31,1.64,64.0,23.795359904818564
6,CT,CT,GG,GG,CC,34,1.7,78.0,26.989619377162633
7,CC,TT,GG,GG,CC,31,1.63,48.0,18.06616733787497
8,CT,CT,GG,GA,CC,34,1.7,68.0,23.529411764705884
9,CC,TT,GG,GA,CT,31,1.55,54.0,22.476586888657646
10,CC,CT,GG,GA,CC,31,1.64,63.0,23.423557406305775
11,CC,TT,GG,GA,CT,35,1.67,74.0,26.533758829646096
12,CT,TT,GG,GG,CC,33,1.52,52.0,22.506925207756233
13,CC,CT,GG,GA,CT,32,1.54,78.0,32.889188733344575
14,TT,TT,GG,GG,CC,34,1.58,60.0,24.034609838166958
15,CC,CC,GG,GA,CC,33,1.67,60.0,21.513858510523864
16,CC,CT,GG,GG,CC,26,1.68,65.0,23.030045351473927
17,CT,CT,GG,GA,CC,31,1.65,70.0,25.71166207529844
18,TT,CC,GG,GG,CC,19,1.65,78.0,28.650137741046834
19,CC,CC,GG,GA,CC,28,1.78,67.0,21.146319909102385
20,CC,CT,GG,GA,CC,26,1.71,65.0,22.229061933586404
21,CC,CT,GA,GG,CT,26,1.56,102.0,41.913214990138066
22,CT,CT,GG,GA,CC,20,1.7,68.0,23.529411764705884
23,CT,CT,GA,AA,CT,35,1.65,101.0,37.09825528007347
24,CT,CC,GG,GG,CC,35,1.63,99.0,37.26147013436712
25,CT,CC,GG,GG,CC,25,1.56,84.0,34.51676528599605
26,CC,TT,GG,GG,CC,21,1.56,56.0,23.011176857330703
27,CC,CT,GG,GG,CT,26,1.59,60.0,23.73323840037973
28,CC,CT,GG,GA,CC,28,1.64,92.0,34.20582986317669
29,CC,CT,GG,GG,CC,30,1.64,64.0,23.795359904818564
30,CT,CT,GA,GG,CT,29,1.64,87.0,32.34681737061273
31,CT,CT,GG,GA,CC,32,1.69,92.0,32.21175729141137
32,CC,CT,GG,GG,CC,30,1.64,64.0,23.795359904818564
33,CC,CT,GG,GA,CT,20,1.63,64.0,24.088223117166624
34,TT,CT,GG,GG,CT,22,1.58,56.0,22.432302515622492
35,TT,TT,GA,GG,CC,20,1.64,71.0,26.397977394408095
36,CT,CT,GG,GA,CC,21,1.57,52.0,21.096190514828187
37,CC,CT,GG,GA,CC,27,1.6,58.0,22.656249999999996
38,CC,CC,GG,GG,CC,35,1.56,67.0,27.531229454306374
39,CT,CC,GG,GG,CC,34,1.55,74.0,30.80124869927159
40,CC,CT,GG,GG,CT,26,1.65,75.0,27.548209366391188
41,TT,CT,GG,GG,CC,21,1.66,60.0,21.773842357381334
42,CC,CC,GG,AA,CC,19,1.55,54.0,22.476586888657646
43,CC,CT,GG,GA,CT,30,1.68,88.0,31.17913832199547
44,CT,TT,GG,GG,CC,24,1.7,102.0,35.294117647058826
45,TT,TT,GA,GG,CT,19,1.51,47.0,20.613131003026183
46,TT,CC,AA,GA,CT,33,1.6,74.0,28.906249999999993
47,CT,TT,GG,GG,CT,18,1.59,60.0,23.73323840037973
48,CC,CC,GG,GA,CC,20,1.5,56.0,24.88888888888889
49,TT,CT,GG,GG,CC,29,1.73,83.0,27.732299776136855
50,TT,TT,GG,GG,CC,23,1.62,60.0,22.86236854138088
51,CC,CC,GA,GG,CC,23,1.65,80.0,29.384756657483933
52,CT,TT,GA,GG,CC,32,1.67,65.0,23.306680053067517
53,CT,CC,GG,GA,CC,29,1.6,59.0,23.046874999999996
54,CT,TT,GG,GA,CC,33,1.76,105.0,33.89721074380165
55,CC,CC,GG,GG,CC,25,1.7,65.0,22.49134948096886
56,CT,CT,GG,GG,CC,20,1.71,57.0,19.493177387914233
57,CT,CT,GG,GG,TT,36,1.58,76.0,30.443839128344813
58,CT,CT,GG,GG,CC,21,1.68,83.0,29.40759637188209
59,CC,CT,GG,GG,CC,21,1.6,72.0,28.124999999999993
60,TT,CC,GG,AA,CC,29,1.64,61.0,22.679952409280194
61,CT,CT,GG,GA,CT,27,1.56,51.0,20.956607495069033
62,CT,TT,GG,GG,CT,30,1.55,54.0,22.476586888657646
63,TT,TT,GG,GG,CC,28,1.65,57.0,20.936639118457304
64,CT,TT,GA,GA,CC,25,1.63,59.0,22.20633068613798
65,CC,CC,GG,GG,CC,24,1.54,56.0,23.61275088547816
66,CT,TT,GG,GG,CT,27,1.58,60.0,24.034609838166958
67,CC,TT,GA,GG,CC,28,1.5,56.0,24.88888888888889
68,TT,TT,GG,GG,CC,26,1.73,80.0,26.729927495071667
69,CT,CT,GG,GG,CC,29,1.61,58.0,22.375679950619187
70,CT,CC,GG,GG,CC,35,1.71,80.0,27.358845456721728
71,CT,TT,GA,GG,CC,18,1.56,85.0,34.927679158448385
72,TT,TT,GA,GA,CT,18,1.64,64.0,23.795359904818564
73,CT,TT,GA,GG,CC,19,1.63,65.0,24.46460160337235
74,CC,TT,GG,GG,CC,23,1.7,59.0,20.41522491349481
75,CC,CT,GG,GG,CC,22,1.62,60.0,22.86236854138088
76,CC,CT,GG,GG,CC,25,1.71,64.0,21.887076365377382
77,CC,CT,GG,AA,CT,25,1.74,100.0,33.029462280354075
78,CT,TT,GA,GG,CC,26,1.7,90.0,31.14186851211073
79,CT,CC,GG,GA,CC,26,1.68,67.0,23.738662131519277
80,CT,CT,GA,GA,CT,21,1.67,80.0,28.685144680698485
81,CC,CT,GA,GA,CC,20,1.69,57.0,19.95728440880922
82,CC,CT,GG,GG,CC,24,1.58,85.0,34.049030604069856
83,CC,CC,GG,GG,CC,23,1.7,68.0,23.529411764705884
84,CT,CT,GG,GA,CT,36,1.64,100.0,37.18024985127901
85,CC,TT,GG,GG,CC,25,1.57,70.0,28.398718000730252
86,CC,CC,GG,GA,CC,26,1.6,55.0,21.484374999999996
87,CC,CT,GA,GG,CC,32,1.65,94.0,34.527089072543625
88,TT,TT,GA,GG,CC,20,1.6,50.0,19.531249999999996
89,CC,CT,GG,GA,CC,24,1.6,100.0,39.06249999999999
90,CT,CT,GG,GA,CC,27,1.68,58.0,20.549886621315196
91,CT,CT,GA,AA,CC,25,1.69,69.0,24.158817968558527
92,CC,CT,GG,GA,CC,22,1.71,110.0,37.61841250299238
93,CT,CC,GG,GG,CC,25,1.67,62.0,22.230987127541326
94,CC,CT,GG,GA,CT,27,1.58,53.0,21.230572023714146
95,CC,CT,GA,GG,CC,21,1.66,68.0,24.677021338365513
96,CC,CT,GA,GA,CC,26,1.57,71.0,28.804413972169254
97,CT,CC,GA,GG,CC,21,1.61,60.0,23.147255121330193
98,CT,TT,GA,GG,CC,23,1.69,73.0,25.55932915514163
99,CT,CC,GG,GG,CC,23,1.61,58.0,22.375679950619187
100,CC,CT,GG,AA,TT,35,1.7,83.0,28.719723183391007
101,CT,CT,GA,GG,CC,20,1.66,61.0,22.136739730004358
102,TT,CT,AA,GG,CC,19,1.58,50.0,20.028841531805796
103,TT,TT,GA,GG,CC,23,1.58,50.0,20.028841531805796
104,TT,TT,GG,GG,CC,24,1.65,60.0,22.03856749311295
105,CC,TT,GG,GG,CT,26,1.69,61.0,21.35779559539232
106,CC,TT,GG,GG,CT,28,1.66,60.0,21.773842357381334
107,CC,CC,GA,GA,CC,33,1.7,68.0,23.529411764705884
108,CC,CT,GG,GG,CT,24,1.66,55.0,19.959355494266223
109,CT,TT,GG,GG,CC,28,1.7,85.0,29.411764705882355
110,CT,TT,GA,GG,CC,24,1.68,55.0,19.48696145124717
111,CC,CT,GG,GA,CT,21,1.68,54.0,19.13265306122449
112,CC,CT,GG,GA,CC,29,1.71,75.0,25.64891761567662
113,CT,CT,GA,GG,CC,26,1.58,55.0,22.031725684986377
114,CT,CT,GG,GG,CC,24,1.68,70.0,24.801587301587304
115,TT,TT,GG,GA,CT,24,1.68,53.0,18.77834467120182
116,CC,CT,GG,GG,CC,35,1.67,68.0,24.38237297859371
117,CC,CT,GG,GA,CC,22,1.69,71.0,24.859073561850078
118,CT,CT,GA,GG,CT,33,1.68,80.0,28.344671201814062
119,TT,CT,GA,GA,CT,22,1.68,55.0,19.48696145124717
120,CT,CC,GA,GG,CC,29,1.67,84.0,30.11940191473341
121,TT,CC,GG,GG,CC,26,1.59,51.0,20.17325264032277
122,CT,TT,GA,GG,CC,31,1.7,76.0,26.29757785467128
123,CT,CT,GA,GG,CC,24,1.67,60.0,21.513858510523864
124,CC,TT,GA,GG,CC,29,1.65,73.0,26.813590449954088
125,TT,TT,GG,GG,CC,27,1.58,75.0,30.043262297708697
126,CT,CT,GG,GA,CC,33,1.65,80.0,29.384756657483933
127,CC,CT,GG,GG,CC,20,1.58,55.0,22.031725684986377
128,CC,CT,AA,GG,CT,25,1.68,62.0,21.9671201814059
129,CT,CT,GG,GA,CT,29,1.68,86.0,30.470521541950117
130,CC,CT,GG,GA,CC,20,1.63,55.0,20.70081674131507
131,CC,TT,AA,GA,CC,22,1.61,58.0,22.375679950619187
132,CT,CT,GA,GA,CC,37,1.67,92.0,32.987916382803256
133,TT,CT,GG,GG,CC,37,1.72,75.0,25.351541373715524
134,CT,CT,GA,GA,CC,25,1.65,60.0,22.03856749311295
135,TT,TT,GG,GG,CC,23,1.65,55.0,20.202020202020204
136,TT,CC,GA,GA,CC,26,1.66,66.0,23.95122659311947
137,CC,TT,GG,GG,CT,32,1.59,62.0,24.524346347059055
138,CT,TT,GG,GA,CC,27,1.65,71.0,26.07897153351699
139,CC,TT,GG,GG,CC,25,1.59,60.0,23.73323840037973
140,CT,CT,GG,GG,CC,22,1.68,59.0,20.904195011337873
141,CT,CT,GA,GA,CC,20,1.68,56.0,19.841269841269845
142,CT,CT,GA,GA,CC,25,1.6,81.0,31.640624999999993
143,CC,CT,GA,GA,CT,24,1.68,53.0,18.77834467120182
144,CT,CT,GG,GG,CT,26,1.6,55.0,21.484374999999996
145,CC,TT,GA,GG,CT,30,1.56,61.0,25.06574621959237
146,CC,CC,AA,GG,CC,24,1.63,63.0,23.711844630960897
147,CT,TT,GG,AA,CC,26,1.66,55.0,19.959355494266223
148,CT,CT,GA,GG,CC,26,1.69,62.0,21.707923392038097
149,CC,CT,GA,GA,CT,27,1.68,56.0,19.841269841269845
150,CT,TT,GA,GG,TT,28,1.67,52.0,18.645344042454013
151,CC,CT,GG,GG,CC,25,1.71,64.0,21.887076365377382
152,TT,CT,GG,GG,CC,29,1.58,62.0,24.83576349943919
153,CC,CT,GG,GG,CC,29,1.66,62.0,22.49963710262738
154,CT,TT,GA,GA,CT,34,1.68,82.0,29.053287981859416
155,CT,CT,GG,GG,CC,22,1.65,69.0,25.344352617079892
156,CT,CT,GA,GG,CT,22,1.6,52.0,20.312499999999996
157,TT,CT,GA,GA,CC,31,1.65,49.0,17.99816345270891
158,CT,CT,GG,GA,CT,28,1.6,58.0,22.656249999999996
159,CC,TT,GA,GG,CT,33,1.67,66.0,23.66524436157625
160,CT,TT,GA,AA,CC,18,1.65,53.0,19.467401285583104
161,CT,TT,GA,GG,CC,34,1.55,74.0,30.80124869927159
162,CC,CT,GA,GA,CT,28,1.64,80.0,29.744199881023206
163,CT,TT,GG,AA,CC,32,1.68,81.0,28.69897959183674
164,CT,CT,GG,GA,CC,21,1.65,78.0,28.650137741046834
165,CC,TT,GA,GA,CT,21,1.57,50.0,20.28479857195018
166,TT,TT,GG,GG,CC,26,1.65,56.0,20.569329660238754
167,CC,TT,AA,GG,CC,24,1.69,72.0,25.209201358495854
168,CC,CT,GA,GA,TT,26,1.59,80.0,31.644317867172973
169,CC,CT,GA,GA,CC,25,1.67,55.0,19.721036967980208
170,CC,TT,GG,GG,CC,31,1.64,62.0,23.051754907792983
171,CC,TT,GG,GG,CC,33,1.63,72.0,27.09925100681245
172,CT,TT,AA,GG,CC,33,1.72,76.0,25.689561925365066
173,CT,CT,GG,GG,CC,25,1.68,48.0,17.006802721088437
174,CT,CT,GG,GG,CC,23,1.67,50.0,17.92821542543655
175,CT,CT,GA,GG,CT,33,1.65,61.0,22.4058769513315
176,CC,TT,GA,GG,CT,24,1.67,49.0,17.569651116927822
177,CT,TT,GG,GG,CC,25,1.63,50.0,18.818924310286427
178,CT,CC,GA,GG,CC,30,1.67,62.0,22.230987127541326
179,CT,TT,GA,GA,CC,32,1.72,102.0,34.47809626825311
180,CC,CT,GA,GG,CT,21,1.66,49.0,17.78197125852809
181,TT,CT,GG,GA,CC,25,1.63,52.0,19.57168128269788
182,CT,CT,GG,GG,CC,30,1.59,48.0,18.986590720303784
183,CC,CC,GG,GA,CT,24,1.64,48.0,17.846519928613922
184,TT,CC,GA,GG,CT,20,1.68,47.0,16.65249433106576
185,TT,TT,GG,GA,CC,19,1.67,56.0,20.07960127648894
186,CT,CC,GG,GA,CC,35,1.68,64.0,22.67573696145125
187,CT,TT,GG,GA,CC,33,1.7,56.0,19.377162629757787
188,CT,TT,GG,GA,CC,20,1.64,55.0,20.449137418203453
189,TT,CC,GA,GG,CC,23,1.64,50.0,18.590124925639504
190,TT,CC,GA,GG,CC,29,1.68,59.0,20.904195011337873
191,CT,TT,GG,AA,CT,27,1.65,52.0,19.100091827364558
192,CC,CT,GG,GG,CC,23,1.7,68.0,23.529411764705884
193,CC,TT,GG,GA,CC,22,1.65,59.0,21.6712580348944
194,CC,CC,GG,GG,CC,34,1.65,66.0,24.242424242424246
195,CT,CT,GG,GG,CC,32,1.66,86.0,31.20917404557991
196,CT,TT,AA,GG,CC,27,1.7,71.0,24.56747404844291
197,CT,TT,GA,AA,CC,23,1.64,59.0,21.936347412254616
198,TT,CC,GG,GG,CT,24,1.66,54.0,19.5964581216432
199,CC,CT,GA,GG,CC,27,1.65,56.0,20.569329660238754
200,CT,TT,GG,GA,CC,28,1.67,42.0,15.059700957366704
201,CC,TT,GG,GG,CT,18,1.65,54.0,19.834710743801654
202,CC,CC,GG,GG,CC,18,1.68,59.0,20.904195011337873
203,CC,CT,GG,GG,CC,23,1.68,51.0,18.069727891156464
204,CT,CC,GG,GG,CT,24,1.67,54.0,19.362472659471475
205,CC,CC,GG,GG,CT,27,1.65,51.0,18.73278236914601
206,CC,CC,GA,GG,CC,27,1.63,50.0,18.818924310286427
207,CT,CT,GA,GG,CC,32,1.54,57.0,24.034407151290267
208,CC,CT,GA,GG,CC,22,1.56,48.0,19.72386587771203
209,CC,TT,AA,GA,CC,26,1.64,59.0,21.936347412254616
210,CT,CT,GA,GG,CC,20,1.68,58.0,20.549886621315196
211,CC,TT,GA,GG,CC,27,1.68,62.0,21.9671201814059
212,CT,CT,GG,AA,CT,26,1.64,58.0,21.564544913741823
213,TT,CT,GA,GA,CC,26,1.59,56.0,22.151022507021082
214,CT,CT,GA,GG,CC,19,1.65,70.0,25.71166207529844
215,CT,CC,GG,GA,CC,23,1.66,63.0,22.8625344752504
216,CT,CT,GG,GG,CC,18,1.62,58.0,22.10028959000152
217,CC,TT,GG,GA,TT,22,1.65,54.0,19.834710743801654
218,TT,TT,AA,GG,CC,34,1.66,83.0,30.120481927710845
219,CC,CC,GA,GG,CT,25,1.69,74.0,25.909456951787405
220,CT,TT,GG,GG,CC,31,1.65,62.0,22.77318640955005
221,CC,TT,GA,GG,CT,26,1.68,72.0,25.510204081632658
222,CT,CT,GG,GG,CT,21,1.65,61.0,22.4058769513315
223,CC,CC,GG,GA,CT,20,1.64,56.0,20.820939916716245
224,CT,CT,GA,GA,TT,30,1.68,75.0,26.573129251700685
225,CC,CT,GA,GG,CC,22,1.66,54.0,19.5964581216432
226,CT,CT,GG,GG,CC,20,1.68,54.0,19.13265306122449
227,CT,TT,GA,GA,TT,35,1.66,70.0,25.402816083611555
228,CC,CC,GA,GG,CT,27,1.63,58.0,21.829952199932254
229,CT,TT,GA,GG,CC,27,1.66,71.0,25.76571345623458
230,CC,TT,AA,GG,CC,20,1.71,70.0,23.938989774631512
231,CT,TT,GG,GA,CC,32,1.63,81.0,30.48665738266401
232,CC,CT,GG,AA,CC,34,1.62,59.0,22.481329065691202
233,CT,CC,GA,GG,CC,26,1.62,58.0,22.10028959000152
234,CT,CT,GG,GG,CC,25,1.68,52.0,18.42403628117914
235,TT,TT,GA,GG,CT,20,1.66,52.0,18.870663376397157
236,CT,CT,GA,GA,CC,30,1.65,58.0,21.30394857667585
237,CC,CT,GG,GA,CC,30,1.62,59.0,22.481329065691202
238,CT,CT,GA,GG,CT,26,1.64,55.0,20.449137418203453
239,CC,CT,GG,GG,CC,20,1.65,50.0,18.36547291092746
240,CC,CT,GA,GG,CT,25,1.68,55.0,19.48696145124717
241,TT,CT,GA,GG,CC,19,1.6,50.0,19.531249999999996
242,TT,CT,GG,GG,CC,23,1.62,56.0,21.338210638622158
243,CT,TT,GG,GG,CC,34,1.66,62.0,22.49963710262738
244,TT,TT,GG,GA,TT,33,1.62,62.0,23.624447492760247
245,CT,CT,GA,GG,CC,20,1.64,52.0,19.333729922665082
246,CT,CC,GG,GG,CC,23,1.62,58.0,22.10028959000152
247,CT,CT,AA,GA,CC,28,1.68,59.0,20.904195011337873
248,TT,CT,GG,GG,CT,21,1.71,69.0,23.59700420642249
249,CT,CT,GA,GG,CC,35,1.65,58.0,21.30394857667585
250,CT,CT,GA,GG,CC,26,1.52,57.0,24.67105263157895
251,CC,CT,GA,GG,CT,27,1.56,54.0,22.189349112426033
252,CC,CT,GG,GG,CT,28,1.63,52.0,19.57168128269788
253,TT,CT,GG,GA,CC,27,1.64,59.0,21.936347412254616
254,CC,CT,GA,GG,CC,23,1.68,58.0,20.549886621315196
255,CT,TT,AA,GG,CC,23,1.64,52.0,19.333729922665082
256,CT,TT,GG,GG,CT,19,1.64,59.0,21.936347412254616
257,TT,CC,GA,GG,CC,32,1.68,64.0,22.67573696145125
258,CT,TT,GG,GA,CC,19,1.65,70.0,25.71166207529844
259,TT,CT,GG,GG,CC,25,1.67,55.0,19.721036967980208
260,CT,CT,GG,GA,CT,24,1.68,70.0,24.801587301587304
261,CT,TT,GA,GG,CC,27,1.68,71.0,25.15589569160998
262,TT,TT,GG,GG,CT,21,1.65,55.0,20.202020202020204
263,CT,TT,GG,GA,CC,27,1.64,59.0,21.936347412254616
264,TT,CT,GG,GG,CC,22,1.66,58.0,21.04804761213529
265,CC,CT,GG,GA,CC,18,1.66,59.0,21.410944984758313
266,CC,TT,GG,GG,CC,30,1.69,77.0,26.959840341724732
267,CT,CC,GA,GG,CC,26,1.59,51.0,20.17325264032277
268,TT,CT,GA,GG,CC,23,1.69,59.0,20.65754000210077
269,TT,TT,GG,GG,CT,20,1.64,52.0,19.333729922665082
270,CC,TT,GG,GG,CC,32,1.7,74.0,25.605536332179934
271,CT,TT,GG,AA,CC,23,1.64,54.0,20.077334919690664
272,TT,CT,GG,GA,CC,33,1.68,63.0,22.321428571428577
273,CT,CT,GG,GG,CC,25,1.69,59.0,20.65754000210077
274,CC,CT,GG,GA,CC,20,1.64,52.0,19.333729922665082
275,CT,CT,GG,GG,CC,23,1.63,50.0,18.818924310286427
276,CT,TT,GG,GG,CC,32,1.62,70.0,26.672763298277697
277,CT,TT,GA,GA,CC,30,1.65,50.0,18.36547291092746
278,CT,CT,GG,GA,CC,20,1.71,65.0,22.229061933586404
279,CC,TT,GA,GA,CT,19,1.6,45.0,17.578124999999996
280,CT,CT,GG,GA,CC,21,1.73,60.0,20.04744562130375
281,CC,CT,GG,GA,CC,19,1.7,56.0,19.377162629757787
282,CC,TT,GG,GG,CC,23,1.62,55.0,20.957171162932475
283,CT,TT,GG,GA,CC,25,1.62,56.0,21.338210638622158
284,CC,CC,GA,GG,CC,30,1.56,60.0,24.654832347140037
285,CT,CT,GA,GG,CC,23,1.55,75.0,31.217481789802285
286,CC,TT,GG,GG,CC,26,1.6,46.0,17.968749999999996
287,CC,CT,GG,GG,CC,27,1.7,58.0,20.06920415224914
288,CT,CT,GG,GA,CC,22,1.64,53.0,19.705532421177875
289,CT,CT,GG,GG,CC,31,1.62,50.0,19.05197378448407
290,CT,CT,GA,GA,CC,29,1.65,60.0,22.03856749311295
291,CT,TT,GG,GG,CC,22,1.57,77.0,31.238589800803275
292,CT,CT,GA,GG,CC,21,1.61,54.0,20.832529609197174
293,CT,TT,GA,GG,CT,30,1.64,52.0,19.333729922665082
294,CT,CT,GG,AA,CT,27,1.56,90.0,36.98224852071006
295,CC,CT,GG,GG,CC,37,1.7,90.0,31.14186851211073
296,CC,CT,GA,GA,CT,25,1.55,56.0,23.309053069719038
297,CT,CT,AA,GG,CC,24,1.63,60.0,22.582709172343712
298,TT,CT,GG,GG,CC,36,1.76,50.0,16.141528925619834
299,CT,CC,GG,GG,CC,30,1.65,60.0,22.03856749311295
300,CC,CC,GA,GG,CC,18,1.67,55.0,19.721036967980208
301,CC,CC,GA,GG,CC,35,1.83,98.0,29.26334020126011
302,CC,CT,GA,GA,CC,23,1.57,50.0,20.28479857195018
303,CC,CC,GG,GG,CC,35,1.64,70.0,26.026174895895306
304,CT,TT,GA,GG,CC,30,1.66,60.0,21.773842357381334
305,CC,TT,GG,GA,TT,24,1.67,55.0,19.721036967980208
306,CC,CT,GG,GG,CC,38,1.64,90.0,33.462224866151104
307,TT,CC,GG,GA,CC,22,1.66,56.0,20.322252866889244
308,CC,CC,GG,GG,CC,20,1.63,49.0,18.442545824080696
309,CC,CC,GA,GA,CC,18,1.7,60.0,20.761245674740486
310,CC,CT,GG,GG,CT,24,1.65,55.0,20.202020202020204
311,CC,TT,GA,GA,CT,25,1.58,50.0,20.028841531805796
312,TT,CT,AA,GG,CT,28,1.64,70.0,26.026174895895306
313,TT,CC,AA,GA,CT,33,1.65,70.0,25.71166207529844
314,CT,CT,AA,GG,CC,34,1.6,80.0,31.249999999999993
315,CT,CT,GG,GG,CC,18,1.49,56.0,25.224089004999776
316,CC,CT,GA,AA,CC,25,1.64,76.0,28.256989886972047
317,CC,TT,GA,GA,CT,17,1.7,70.0,24.221453287197235
318,CT,TT,AA,GA,CT,27,1.67,65.0,23.306680053067517
319,CT,CT,GG,GA,CC,28,1.65,70.0,25.71166207529844
320,CT,TT,GG,GG,CC,23,1.7,65.0,22.49134948096886
321,CT,TT,GG,GA,CC,26,1.65,60.0,22.03856749311295
322,CC,CC,GG,GA,CT,31,1.61,70.0,27.005130974885226
323,TT,CC,GG,GG,CC,31,1.7,90.0,31.14186851211073
324,CT,TT,GA,GG,CC,20,1.56,46.0,18.902038132807363
325,CT,TT,GG,GA,CT,27,1.76,65.0,20.983987603305785
326,CT,TT,AA,GA,CT,24,1.65,58.0,21.30394857667585
327,CT,TT,GG,GA,CC,34,1.74,65.0,21.469150482230148
328,CT,CT,GG,GG,CC,24,1.68,60.0,21.258503401360546
329,CT,TT,GA,GG,CC,29,1.76,70.0,22.59814049586777
330,CT,CT,GG,GA,CC,22,1.67,67.0,24.023808670084982
331,CT,CC,GA,GA,CC,30,1.65,76.0,27.915518824609737
332,CC,CT,GA,GG,CC,31,1.64,57.0,21.192742415229034
333,CT,CT,GA,GG,CC,26,1.67,90.0,32.2707877657858
334,CC,TT,GA,GG,CC,29,1.57,45.0,18.25631871475516
335,TT,CT,GA,AA,CC,33,1.81,60.0,18.314459265590184
336,CT,TT,GG,GA,CT,32,1.64,63.0,23.423557406305775
337,CC,CT,GG,GG,CC,32,1.63,60.0,22.582709172343712
338,CT,TT,GA,GA,CC,30,1.68,56.0,19.841269841269845
339,CT,TT,GG,GG,CC,22,1.66,62.0,22.49963710262738
340,CC,CT,GG,GG,CT,33,1.62,62.0,23.624447492760247
341,TT,TT,GG,GG,CC,23,1.55,70.0,29.1363163371488
342,CT,CC,GG,GG,CC,28,1.6,79.0,30.859374999999993
343,CT,CT,GG,GA,CT,29,1.65,72.0,26.44628099173554
344,CT,CT,GG,GA,CC,26,1.65,60.0,22.03856749311295
345,CT,CT,GG,GA,CC,24,1.76,65.0,20.983987603305785
346,CC,CT,GG,GG,CC,26,1.67,60.0,21.513858510523864
347,CC,CT,GG,GG,CC,27,1.68,72.0,25.510204081632658
348,TT,TT,GA,GG,CT,28,1.65,56.0,20.569329660238754
349,CT,CC,GG,GA,CC,31,1.76,67.0,21.62964876033058
350,CC,CT,AA,GG,CC,19,1.59,76.0,30.062101973814325
351,CT,TT,GG,GG,CT,26,1.78,116.0,36.61153894710264
352,CC,CT,AA,GG,CT,27,1.64,57.0,21.192742415229034
353,TT,TT,GG,GA,CC,28,1.6,46.0,17.968749999999996
354,TT,TT,GG,GG,CC,24,1.6,50.0,19.531249999999996
355,CC,CT,GA,GA,CC,25,1.71,55.0,18.80920625149619
356,CT,TT,GG,GG,CC,27,1.61,51.0,19.675166853130666
357,CT,CT,GG,GG,CT,31,1.64,61.0,22.679952409280194
358,CC,CT,GA,GG,CC,31,1.59,61.0,24.128792373719392
359,TT,CC,GG,AA,CC,26,1.58,52.0,20.82999519307803
360,CT,CC,AA,GG,CC,30,1.62,72.0,27.43484224965706
361,CC,CT,GA,GG,TT,19,1.7,60.0,20.761245674740486
362,TT,TT,GG,GG,CC,29,1.54,78.0,32.889188733344575
363,CC,CT,GG,GG,CC,26,1.62,110.0,41.91434232586495
364,CT,CT,GG,GG,CT,26,1.76,56.0,18.078512396694215
365,CT,CT,GG,GG,CC,28,1.65,70.0,25.71166207529844
366,CC,CT,GG,GG,CC,23,1.63,49.0,18.442545824080696
367,CT,CT,GA,GA,CT,29,1.6,60.0,23.437499999999996
368,CT,TT,GG,GG,CT,24,1.65,59.0,21.6712580348944
369,CC,TT,AA,GG,CC,27,1.78,69.0,21.777553339224845
370,CC,CT,GA,GA,CC,32,1.64,60.0,22.308149910767405
371,CT,CT,GG,GG,CC,34,1.67,58.0,20.796729893506402
372,CT,TT,GG,GG,CC,35,1.65,55.0,20.202020202020204
373,CT,CC,GA,GG,CC,27,1.76,65.0,20.983987603305785
374,CT,CT,GG,GA,CC,28,1.6,55.0,21.484374999999996
375,CC,TT,GA,GG,CC,32,1.67,69.0,24.740937287102444
376,CC,TT,GA,GG,CC,21,1.68,68.0,24.092970521541954
377,CT,CC,GA,GG,CC,19,1.6,67.0,26.171874999999996
378,CC,CC,GA,GG,CC,27,1.68,65.0,23.030045351473927
379,CC,TT,GA,GG,TT,26,1.69,66.0,23.1084345786212
380,CC,CT,GA,GG,CT,26,1.78,65.0,20.515086478979924
381,CC,CT,GG,GA,CT,32,1.76,80.0,25.826446280991735
382,CT,CT,GG,GG,CC,19,1.87,67.0,19.159827275586945
383,CC,TT,GG,GG,CC,25,1.67,77.0,27.60945175517229
384,CC,CT,GG,GA,CC,26,1.76,56.0,18.078512396694215
385,CT,CT,GG,GG,CT,27,1.76,58.0,18.72417355371901
386,CC,CT,GG,GG,CC,28,1.76,79.0,25.50361570247934
387,CT,TT,GG,GG,CC,34,1.66,59.0,21.410944984758313
388,CC,CC,GA,GA,CC,29,1.66,65.0,23.588329220496444
389,CT,CT,GG,GA,CC,19,1.76,66.0,21.306818181818183
390,CC,TT,AA,GG,CT,28,1.66,67.0,24.31412396574249
391,CC,CT,GA,GA,CC,30,1.65,66.0,24.242424242424246
392,CC,CT,GG,GA,CC,24,1.65,66.0,24.242424242424246
393,CC,CC,GG,AA,CC,28,1.65,67.0,24.609733700642796
394,CC,CT,GA,GG,CC,26,1.66,68.0,24.677021338365513
395,CT,TT,GA,GG,TT,22,1.64,56.0,20.820939916716245
396,CT,CT,GA,GA,CC,21,1.58,57.0,22.832879346258608
397,CC,TT,GG,GA,CC,28,1.76,58.0,18.72417355371901
398,CC,CC,GA,GG,CC,25,1.66,68.0,24.677021338365513
399,CC,CC,GG,AA,CC,24,1.56,67.0,27.531229454306374
400,TT,CC,GG,GG,CT,29,1.76,66.0,21.306818181818183
401,TT,TT,GG,GA,CC,30,1.77,56.0,17.87481247406556
402,CC,TT,GG,GA,CC,26,1.56,60.0,24.654832347140037
403,CC,CC,GA,GG,CT,28,1.65,64.0,23.507805325987146
404,CC,CC,GG,GA,CC,25,1.66,56.0,20.322252866889244
405,CT,CT,GG,GG,CT,28,1.76,70.0,22.59814049586777
406,TT,CT,GG,GG,CC,27,1.66,67.0,24.31412396574249
407,CC,CC,GG,GA,CC,26,1.65,68.0,24.977043158861342
408,TT,CT,GA,GA,CT,28,1.76,69.0,22.275309917355372
409,TT,CC,GG,GG,CT,27,1.66,70.0,25.402816083611555
410,CT,CT,GG,GG,CC,27,1.67,80.0,28.685144680698485
411,CT,TT,GA,GG,CC,29,1.66,90.0,32.660763536072004
412,TT,CT,GA,GG,CC,28,1.66,56.0,20.322252866889244
413,CC,TT,GG,GG,CC,27,1.76,68.0,21.952479338842977
414,CT,CT,GG,GG,CC,23,1.66,69.0,25.039918710988534
415,TT,CT,GG,GG,CC,23,1.66,80.0,29.03178980984178
416,CT,CC,GG,GA,CC,20,1.68,61.0,21.612811791383223
417,TT,TT,GG,GG,CT,32,1.64,45.0,16.731112433075552
418,TT,CT,GA,GG,CT,23,1.62,70.0,26.672763298277697
419,CT,CT,GA,GG,CT,30,1.56,42.0,17.258382642998026
420,CT,CT,GG,GA,CC,33,1.65,50.0,18.36547291092746
421,CT,CT,GG,GG,CC,19,1.52,52.0,22.506925207756233
422,CC,TT,GA,GG,CT,21,1.58,43.0,17.224803717352987
423,CC,CT,GG,GA,CC,19,1.6,45.0,17.578124999999996
424,CT,CT,GA,GG,CC,25,1.7,56.0,19.377162629757787
425,CT,TT,GG,GG,CC,30,1.62,55.0,20.957171162932475
426,CT,TT,GG,GG,TT,23,1.62,56.0,21.338210638622158
427,CT,TT,GG,GA,CT,25,1.56,60.0,24.654832347140037
428,TT,TT,GG,GG,CC,26,1.55,75.0,31.217481789802285
429,CT,TT,GA,GG,CC,27,1.6,60.0,23.437499999999996
430,CC,TT,GG,GG,CC,22,1.6,46.0,17.968749999999996
431,CT,TT,GA,GA,CC,29,1.64,53.0,19.705532421177875
432,CC,CC,AA,GA,CC,30,1.62,50.0,19.05197378448407
433,CC,TT,GG,GG,CC,23,1.65,60.0,22.03856749311295
434,CT,TT,GG,GG,CT,25,1.57,77.0,31.238589800803275
435,CT,CT,GG,GG,CC,26,1.61,54.0,20.832529609197174
436,CT,TT,GA,GA,CC,27,1.64,52.0,19.333729922665082
437,CT,CT,GG,GG,CC,22,1.56,90.0,36.98224852071006
438,TT,CC,GA,GG,CC,31,1.7,90.0,31.14186851211073
439,TT,CT,GG,GA,CC,29,1.55,56.0,23.309053069719038
440,CC,TT,AA,GG,CT,22,1.65,60.0,22.03856749311295
441,CT,TT,GG,GA,CC,31,1.66,61.0,22.136739730004358
442,TT,CT,GA,GG,CC,30,1.64,60.0,22.308149910767405
443,CT,CT,GG,GG,CC,23,1.62,56.0,21.338210638622158
444,CC,CT,GG,GG,CC,25,1.65,65.0,23.875114784205696
445,TT,CC,GG,GG,CC,26,1.74,70.0,23.120623596247853
446,CT,CT,GG,GG,CT,27,1.65,60.0,22.03856749311295
447,CC,CT,GG,GG,CC,31,1.65,55.0,20.202020202020204
448,TT,TT,GA,GG,CC,29,1.63,56.0,21.077195227520797
449,CC,CT,GG,GG,CC,33,1.6,60.0,23.437499999999996
450,TT,CT,GG,GA,CC,26,1.7,75.0,25.95155709342561
451,CT,CC,GA,GG,CT,19,1.63,60.0,22.582709172343712
452,CC,CC,GA,GG,CT,19,1.66,63.0,22.8625344752504
453,CC,CT,GA,GG,CT,23,1.58,60.0,24.034609838166958
454,CT,CT,GA,GG,CC,23,1.65,70.0,25.71166207529844
455,CT,CC,GG,GA,CT,26,1.65,56.0,20.569329660238754
456,CC,TT,GG,GA,CT,27,1.6,55.0,21.484374999999996
457,CT,TT,GA,GG,CC,31,1.63,61.0,22.95908765854944
458,CT,CT,GG,GA,CT,29,1.6,63.0,24.609374999999996
459,CC,CT,GA,GG,TT,23,1.56,56.0,23.011176857330703
460,CT,CT,GG,GG,CC,23,1.67,65.0,23.306680053067517
461,CC,CC,GA,GG,CT,24,1.68,70.0,24.801587301587304
462,CT,CT,GA,GG,CT,28,1.6,60.0,23.437499999999996
463,CT,CT,GG,GG,CC,28,1.7,68.0,23.529411764705884
464,CT,TT,GG,GA,CT,21,1.56,60.0,24.654832347140037
465,CC,CC,GG,GG,CC,20,1.71,55.0,18.80920625149619
466,CT,CC,GG,GG,CC,27,1.64,72.0,26.769779892920884
467,CT,TT,GG,GG,CC,32,1.7,80.0,27.68166089965398
468,CT,TT,GG,GG,CC,35,1.65,80.0,29.384756657483933
469,CT,TT,GA,GG,CC,28,1.63,85.0,31.992171327486922
470,CT,CT,GA,GG,CC,27,1.68,53.0,18.77834467120182
471,CT,CT,GG,GA,CT,35,1.58,62.0,24.83576349943919
472,TT,CT,AA,GG,CT,26,1.57,64.0,25.96454217209623
473,CC,TT,GG,GG,CC,34,1.56,58.0,23.83300460223537
474,CT,CT,GG,GG,CC,27,1.66,65.0,23.588329220496444
475,CC,TT,GG,GG,CT,30,1.68,70.0,24.801587301587304
476,CT,CT,GA,GG,CC,30,1.75,70.0,22.857142857142858
477,TT,CT,GG,GG,CC,28,1.7,73.0,25.25951557093426
478,CT,CC,AA,GG,CC,28,1.6,59.0,23.046874999999996
479,CT,CC,GA,GG,CT,22,1.65,65.0,23.875114784205696
480,TT,CC,GA,GG,CC,22,1.6,50.0,19.531249999999996
481,CC,CT,GG,GA,CC,26,1.5,90.0,40.0
482,CC,TT,GA,GA,CT,26,1.6,50.0,19.531249999999996
483,TT,CT,AA,GG,CC,33,1.51,64.0,28.068944344546292
484,CT,TT,GA,GG,CT,21,1.6,47.0,18.359374999999996
485,CT,CT,GA,GG,CC,31,1.64,74.0,27.513384889946465
486,CC,CT,GA,GG,CC,22,1.52,58.0,25.10387811634349
487,CT,TT,GA,GA,CC,22,1.72,72.0,24.337479718766904
488,TT,CC,GG,GG,CC,22,1.82,90.0,27.17063156623596
489,CC,CT,AA,GG,CC,22,1.66,67.0,24.31412396574249
490,CC,CC,GG,GA,CT,27,1.64,73.0,27.141582391433676
491,CT,CT,GA,GG,CC,21,1.8,85.0,26.234567901234566
492,CT,TT,GG,GA,CC,24,1.7,90.0,31.14186851211073
493,TT,CT,GA,GG,CC,34,1.58,67.0,26.83864765261977
494,CT,TT,GG,GG,CC,20,1.5,54.0,24.0
495,CC,CC,GG,GG,CC,23,1.58,64.0,25.63691716071142
496,CT,TT,GG,GG,CC,28,1.55,63.0,26.22268470343392
497,CT,CC,GG,GA,CC,25,1.56,62.0,25.476660092044707
498,CT,CT,GA,GG,CC,19,1.72,72.0,24.337479718766904
499,TT,CT,GA,GG,CC,23,1.59,50.0,19.77769866698311
500,CT,CT,GG,GG,CC,20,1.71,55.0,18.80920625149619
501,CT,TT,GG,GG,CC,27,1.67,50.0,17.92821542543655
502,CT,CT,GG,GG,CC,32,1.7,80.0,27.68166089965398
503,CT,TT,GG,GA,CC,35,1.65,80.0,29.384756657483933
504,CT,CT,GA,GG,CC,28,1.63,85.0,31.992171327486922
505,CC,CT,GG,GA,CC,32,1.67,69.0,24.740937287102444
506,CC,CT,GG,GG,CC,21,1.65,51.0,18.73278236914601
507,CT,CT,GA,GG,CC,27,1.68,53.0,18.77834467120182
508,CC,CT,GA,GA,CC,31,1.58,62.0,24.83576349943919
509,CC,CC,GA,GG,CC,26,1.57,64.0,25.96454217209623
510,CC,TT,GA,GA,CT,31,1.56,58.0,23.83300460223537
511,TT,CT,GG,GG,CT,27,1.66,65.0,23.588329220496444
512,CC,CT,GG,GG,CC,26,1.58,55.0,22.031725684986377
513,CC,CC,GA,GG,CT,30,1.68,70.0,24.801587301587304
514,CC,CT,GG,GG,CC,30,1.75,70.0,22.857142857142858
515,TT,CT,GA,GG,CC,28,1.7,73.0,25.25951557093426
516,CC,CT,GG,GG,CT,25,1.6,56.0,21.874999999999996
517,CT,CT,GG,GG,CT,34,1.64,70.0,26.026174895895306
518,CC,CT,GG,GG,CT,28,1.6,59.0,23.046874999999996
519,TT,CC,GA,GG,CC,22,1.65,65.0,23.875114784205696
520,CT,CT,GA,GG,CC,22,1.6,50.0,19.531249999999996
521,CT,CT,GG,GG,CT,26,1.55,45.0,18.730489073881373
522,CT,TT,GG,GG,CC,27,1.5,42.0,18.666666666666668
523,CC,TT,GG,GG,CC,25,1.64,53.0,19.705532421177875
524,CT,CT,GG,GG,CT,33,1.51,64.0,28.068944344546292
525,TT,CC,GG,GG,CC,21,1.6,47.0,18.359374999999996
526,TT,CT,GG,GA,CC,24,1.63,57.0,21.453573713726524
527,CT,CT,GG,GG,CT,31,1.64,74.0,27.513384889946465
528,CT,CC,GG,GG,CC,20,1.76,84.0,27.117768595041323
529,CC,TT,GA,GG,CC,22,1.52,58.0,25.10387811634349
530,CC,CT,AA,GG,CC,22,1.72,72.0,24.337479718766904
531,CC,CT,GA,GG,CC,22,1.82,90.0,27.17063156623596
532,CC,CT,GA,GG,CC,22,1.66,67.0,24.31412396574249
533,TT,TT,GA,GG,CC,27,1.64,73.0,27.141582391433676
534,CT,CT,GA,AA,CC,24,1.7,90.0,31.14186851211073
535,CC,TT,GA,GA,CT,28,1.65,59.0,21.6712580348944
536,CT,TT,GG,GA,CC,27,1.72,77.4,26.162790697674424
537,TT,CC,GG,GG,CC,32,1.58,67.0,26.83864765261977
538,CT,TT,GA,GA,CC,20,1.5,54.0,24.0
539,CT,CC,GG,GG,CC,19,1.72,59.0,19.94321254732288
540,CC,CT,GA,GG,CC,23,1.58,64.0,25.63691716071142
541,CC,TT,GG,GG,CC,25,1.76,98.0,31.63739669421488
542,CT,TT,GA,GG,CC,21,1.56,60.0,24.654832347140037
543,CT,CC,GG,GA,CC,19,1.72,72.0,24.337479718766904
544,CC,TT,GA,GG,CT,22,1.73,60.0,20.04744562130375
545,CC,TT,GA,GG,CC,27,1.67,50.0,17.92821542543655
546,CC,CT,GA,GA,CC,27,1.64,72.0,26.769779892920884
547,CT,CT,GA,GA,CC,32,1.7,80.0,27.68166089965398
548,CC,CC,GG,GG,CT,35,1.65,80.0,29.384756657483933
549,CT,CC,GA,GA,CC,28,1.63,85.0,31.992171327486922
550,CT,CC,GA,GG,CT,27,1.68,53.0,18.77834467120182
551,CC,CC,GG,GG,CC,35,1.58,62.0,24.83576349943919
552,CC,CT,GA,AA,CC,26,1.57,64.0,25.96454217209623
553,CT,TT,GG,GA,CC,27,1.66,65.0,23.588329220496444
554,CT,CC,GG,GG,CT,26,1.58,55.0,22.031725684986377
555,CC,CT,GA,GG,CT,30,1.68,70.0,24.801587301587304
556,CT,TT,GA,GG,CT,30,1.75,70.0,22.857142857142858
557,CT,CC,GG,GA,CC,25,1.6,56.0,21.874999999999996
558,CT,TT,GG,GG,CC,34,1.64,70.0,26.026174895895306
559,CC,TT,GG,GG,CC,22,1.6,50.0,19.531249999999996
560,CC,CC,GA,GA,CC,25,1.55,45.0,18.730489073881373
561,CT,TT,GG,GA,CC,24,1.5,50.0,22.22222222222222
562,TT,CT,GG,GG,CC,25,1.64,53.0,19.705532421177875
563,CC,CC,GG,GG,CT,33,1.51,64.0,28.068944344546292
564,CC,TT,GG,GG,CC,21,1.6,47.0,18.359374999999996
565,CC,CT,GG,GG,CC,24,1.63,57.0,21.453573713726524
566,CC,TT,AA,GG,CT,31,1.64,74.0,27.513384889946465
567,CT,CT,GG,GG,CT,20,1.76,84.0,27.117768595041323
568,CT,CT,GG,GG,CC,22,1.72,72.0,24.337479718766904
569,CT,CC,GA,GG,CC,22,1.82,90.0,27.17063156623596
570,CT,CT,GA,GG,CC,22,1.66,67.0,24.31412396574249
571,CT,CC,GG,GG,CC,27,1.64,73.0,27.141582391433676
572,CT,CT,GG,GG,CT,21,1.8,85.0,26.234567901234566
573,CC,TT,GA,GG,CC,24,1.7,90.0,31.14186851211073
574,CC,CT,GA,GG,CT,28,1.65,59.0,21.6712580348944
575,CC,CT,GA,GG,CC,27,1.72,77.0,26.027582477014604
576,TT,CT,GA,GG,CC,36,1.58,67.0,26.83864765261977
577,CT,TT,GG,GA,CC,20,1.5,54.0,24.0
578,CC,TT,AA,GA,CC,19,1.72,59.0,19.94321254732288
579,TT,CT,GA,GG,CC,23,1.58,64.0,25.63691716071142
580,CC,CT,GA,GG,CC,25,1.76,98.0,31.63739669421488
581,TT,TT,GA,GG,CC,21,1.56,60.0,24.654832347140037
582,CT,TT,GA,GG,CT,19,1.72,72.0,24.337479718766904
583,CT,TT,GG,GA,CC,22,1.73,60.0,20.04744562130375
584,CT,CT,GG,GG,CC,23,1.59,50.0,19.77769866698311
585,CC,TT,GG,GA,CC,27,1.67,50.0,17.92821542543655
586,CT,CC,GA,GG,CC,27,1.64,72.0,26.769779892920884
587,CC,TT,GG,GG,CC,32,1.7,80.0,27.68166089965398
588,CT,TT,GG,GA,CC,28,1.63,85.0,31.992171327486922
589,CT,CC,GG,GG,CC,32,1.67,69.0,24.740937287102444
590,CC,TT,GA,GG,CC,21,1.65,51.0,18.73278236914601
591,CC,CT,GG,GG,CC,35,1.56,58.0,23.83300460223537
592,CT,TT,GG,AA,CC,27,1.66,65.0,23.588329220496444
593,CT,TT,GG,GG,CC,26,1.58,55.0,22.031725684986377
594,CC,TT,GG,GG,CC,30,1.68,70.0,24.801587301587304
595,CT,CT,GA,GG,CC,30,1.75,70.0,22.857142857142858
596,CT,TT,GA,GG,CC,28,1.7,73.0,25.25951557093426
597,CT,TT,AA,GG,CC,34,1.64,70.0,26.026174895895306
598,CC,CT,GA,AA,CC,22,1.65,65.0,23.875114784205696
599,CT,TT,GA,GG,CT,22,1.6,50.0,19.531249999999996
600,CT,TT,GA,GG,CC,25,1.64,53.0,19.705532421177875
601,CT,CT,GG,GG,CC,27,1.51,64.0,28.068944344546292
602,CT,CT,GG,GG,CT,25,1.64,53.0,19.705532421177875
603,TT,CC,GG,AA,CC,33,1.51,64.0,28.068944344546292
604,CC,CT,GG,GG,CC,21,1.6,47.0,18.359374999999996
605,CC,CC,GG,GG,CC,24,1.63,57.0,21.453573713726524
606,CC,TT,GG,GG,CC,31,1.64,74.0,27.513384889946465
607,CT,TT,GG,GG,CC,20,1.76,84.0,27.117768595041323
608,TT,CT,GG,GG,CT,22,1.52,58.0,25.10387811634349
609,TT,CC,GG,GG,CC,22,1.82,90.0,27.17063156623596
610,CC,CT,GG,GG,CC,27,1.64,73.0,27.141582391433676
611,CT,TT,GG,GA,CC,21,1.8,85.0,26.234567901234566
612,CT,CC,GG,GA,CC,24,1.7,90.0,31.14186851211073
613,CT,CT,GG,GG,CC,28,1.65,59.0,21.6712580348944
614,CC,CT,GG,GG,CC,27,1.72,77.4,26.162790697674424
615,TT,TT,GA,GG,CC,20,1.5,54.0,24.0
616,TT,CC,GA,GG,CC,19,1.72,59.0,19.94321254732288
617,TT,CT,GA,GA,CT,23,1.58,64.0,25.63691716071142
618,CC,TT,GG,GA,CC,25,1.76,98.0,31.63739669421488
619,CC,CC,GG,GG,CC,28,1.64,53.0,19.705532421177875
620,CT,CC,GG,GA,CC,29,1.51,64.0,28.068944344546292
621,CC,TT,GA,GG,CC,28,1.56,60.0,24.654832347140037
622,TT,CT,GG,GG,CC,19,1.72,72.0,24.337479718766904
623,TT,CC,GG,GA,CC,22,1.73,60.0,20.04744562130375
624,TT,CT,AA,GG,CC,23,1.59,50.0,19.77769866698311
625,CC,CT,GA,GG,CC,20,1.71,55.0,18.80920625149619
626,CC,CT,GG,GG,CT,27,1.67,50.0,17.92821542543655
627,CC,TT,GG,GG,CT,27,1.64,72.0,26.769779892920884
628,CC,CC,GG,GG,CC,32,1.7,80.0,27.68166089965398
629,CC,CC,GG,GG,CC,35,1.65,80.0,29.384756657483933
630,CT,TT,GG,GG,CC,28,1.63,85.0,31.992171327486922
631,CT,CT,GG,GG,CC,21,1.65,51.0,18.73278236914601
632,CT,CC,GA,GG,CC,27,1.68,53.0,18.77834467120182
633,CT,CT,GA,GG,CT,30,1.68,70.0,24.801587301587304
634,CT,CC,GG,GG,CC,30,1.75,70.0,22.857142857142858
635,CC,TT,GG,GG,CC,28,1.7,73.0,25.25951557093426
636,CC,CT,GA,GA,CT,25,1.6,56.0,21.874999999999996
637,CC,CC,GG,GA,CT,34,1.64,70.0,26.026174895895306
638,CT,CT,GG,GA,CC,28,1.6,59.0,23.046874999999996
639,TT,TT,GG,GA,CC,22,1.65,65.0,23.875114784205696
640,CC,CT,GG,GG,CC,22,1.6,50.0,19.531249999999996
641,CT,TT,GG,GA,CT,28,1.64,53.0,19.705532421177875
642,CT,CT,AA,GG,CC,25,1.64,53.0,19.705532421177875
643,TT,TT,GA,GG,CC,33,1.51,64.0,28.068944344546292
644,CC,TT,AA,AA,CC,21,1.6,47.0,18.359374999999996
645,CC,CT,GG,GA,CT,24,1.63,57.0,21.453573713726524
646,TT,TT,AA,GG,CC,31,1.64,74.0,27.513384889946465
647,CC,TT,GG,GA,CC,20,1.76,84.0,27.117768595041323
648,CT,CC,GA,GG,CC,22,1.52,58.0,25.10387811634349
649,CC,CT,AA,GG,CC,22,1.82,90.0,27.17063156623596
650,CC,CT,GG,GG,CC,27,1.64,73.0,27.141582391433676
651,CC,TT,GA,GG,CC,21,1.8,85.0,26.234567901234566
652,CT,CC,GA,GA,CC,24,1.7,90.0,31.14186851211073
653,CT,TT,GG,GA,CC,28,1.65,59.0,21.6712580348944
654,CT,CT,AA,GG,CC,27,1.72,77.4,26.162790697674424
655,TT,CT,GA,GA,CT,35,1.58,67.0,26.83864765261977
656,CT,CT,GA,GG,CC,20,1.5,54.0,24.0
657,CC,TT,GA,GG,CT,19,1.72,59.0,19.94321254732288
658,CT,CT,GG,GG,CT,23,1.58,64.0,25.63691716071142
659,CT,CT,GG,GG,CC,25,1.76,98.0,31.63739669421488
660,CT,TT,GG,GA,CT,26,1.65,59.0,21.6712580348944
661,CT,CC,GA,AA,CT,25,1.72,77.4,26.162790697674424
662,CT,TT,GG,GA,CT,24,1.58,67.0,26.83864765261977
663,CC,TT,GG,GA,CC,23,1.5,54.0,24.0
664,CC,CT,GG,GG,CC,34,1.72,59.0,19.94321254732288
665,CT,CC,GA,GG,CC,22,1.58,64.0,25.63691716071142
666,CC,TT,GA,GG,CC,33,1.76,98.0,31.63739669421488
667,CT,TT,GA,GG,TT,30,1.75,70.0,22.857142857142858
668,CT,CT,GG,GG,CT,27,1.7,73.0,25.25951557093426
669,CT,CC,GG,GG,CC,25,1.6,56.0,21.874999999999996
670,CT,CT,AA,GG,TT,34,1.64,70.0,26.026174895895306
671,CC,CT,GG,GG,CC,27,1.6,59.0,23.046874999999996
672,CT,TT,GA,GG,CC,22,1.65,65.0,23.875114784205696
673,CC,CC,GA,GA,CT,22,1.6,50.0,19.531249999999996
674,CC,CT,GA,GG,CC,28,1.64,53.0,19.705532421177875
675,CC,CT,GG,GA,CC,21,1.7,130.0,44.98269896193772
676,CT,TT,GG,GG,CC,25,1.6,82.0,32.03124999999999
677,CT,TT,GG,GG,CC,34,1.6,57.0,22.265624999999996
678,CT,CT,GG,GG,CC,21,1.63,46.0,17.31341036546351
679,CT,CC,GG,GA,CC,32,1.63,60.0,22.582709172343712
680,CT,CT,GG,GA,CC,28,1.65,104.0,38.200183654729116
681,CC,TT,GG,GG,CC,23,1.7,69.0,23.87543252595156
682,CC,CT,GG,GA,CT,26,1.58,60.0,24.034609838166958
683,CT,CC,GG,GG,CC,26,1.63,58.0,21.829952199932254
684,CC,CT,GG,GA,CT,34,1.7,81.0,28.027681660899656
685,CT,CC,GG,GG,CC,35,1.6,59.0,23.046874999999996
686,CC,CT,GG,GG,CC,33,1.6,70.0,27.343749999999996
687,CT,CT,GG,GA,CC,29,1.62,70.0,26.672763298277697
688,CC,CT,GG,GG,CT,32,1.65,82.0,30.119375573921033
689,CT,CT,GG,GA,CC,32,1.65,67.0,24.609733700642796
690,CT,CT,GG,GG,CT,35,1.58,77.0,30.844415958980928
691,TT,TT,GG,GA,CT,25,1.69,65.0,22.758306781975424
692,CC,CT,GG,GG,CC,27,1.64,76.0,28.256989886972047
693,CC,CT,GG,GG,CC,31,1.58,72.0,28.841531805800347
694,CT,CT,GG,GA,CC,31,1.64,57.0,21.192742415229034
695,CT,CC,GG,GG,CT,31,1.64,58.0,21.564544913741823
696,CC,CT,GG,GG,CT,34,1.52,57.0,24.67105263157895
697,TT,CT,GG,GG,CC,26,1.56,54.0,22.189349112426033
698,TT,CT,GG,GG,CC,23,1.68,54.0,19.13265306122449
699,CT,CT,GG,GA,CC,23,1.65,53.0,19.467401285583104
700,CT,CC,GG,GG,CT,24,1.65,55.0,20.202020202020204
701,CC,TT,GG,GA,CC,29,1.68,74.0,26.218820861678008
702,CT,CT,GG,GG,CT,33,1.7,70.0,24.221453287197235
703,CT,CT,GG,GG,CC,27,1.64,58.0,21.564544913741823
704,CT,CT,GG,GG,CC,24,1.66,58.0,21.04804761213529
705,CC,CT,GG,GA,CC,29,1.59,62.0,24.524346347059055
706,CC,TT,GG,GG,CC,19,1.65,72.0,26.44628099173554
707,CT,CC,GG,GG,CC,30,1.66,59.0,21.410944984758313
708,CC,CT,GG,GG,CC,24,1.66,59.0,21.410944984758313
709,CT,CT,GG,GG,CC,31,1.62,60.0,22.86236854138088
710,CT,TT,GG,GA,CC,23,1.67,54.0,19.362472659471475
711,CT,CT,GG,GG,CC,33,1.54,66.0,27.82931354359926
712,CT,CT,GG,GA,TT,32,1.68,70.0,24.801587301587304
713,CT,TT,GG,AA,CC,23,1.66,54.0,19.5964581216432
714,CC,CT,GG,GG,CT,31,1.62,60.0,22.86236854138088
715,CC,CC,GG,GG,CC,27,1.65,58.0,21.30394857667585
716,CT,CT,GG,GG,CC,21,1.65,62.0,22.77318640955005
